ciVersion,g_CiOptions,CiValidateImageHeader
ci_10240-16384.dll,16c10,26f90
ci_10240-16463.dll,16c10,271e0
ci_10240-17319.dll,16c10,271e0
ci_10240-17673.dll,16c10,27200
ci_10240-17797.dll,16c10,27200
ci_10240-17831.dll,16c10,27200
ci_10240-17861.dll,16c10,27200
ci_10240-17889.dll,16c10,27390
ci_10240-17976.dll,16c10,273b0
ci_10240-18244.dll,16c10,273b0
ci_10240-18275.dll,16c10,273b0
ci_10240-18366.dll,16c10,273b0
ci_10240-18609.dll,16c10,273b0
ci_10240-18638.dll,16c10,273b0
ci_10240-18666.dll,16c10,273b0
ci_10240-18725.dll,16c10,273b0
ci_10240-18756.dll,16c10,273b0
ci_10240-18967.dll,16c10,273b0
ci_10240-19022.dll,16c10,273b0
ci_10240-19060.dll,16c10,273b0
ci_10240-19086.dll,16c10,273b0
ci_10240-19119.dll,16c10,273b0
ci_10240-19145.dll,16c10,273b0
ci_10240-19177.dll,16c10,273b0
ci_10240-19235.dll,16c10,273b0
ci_10240-19297.dll,16c10,27400
ci_10240-19325.dll,16c10,273e0
ci_10240-19360.dll,16c10,273e0
ci_10240-19387.dll,16c10,273e0
ci_10240-19444.dll,16c10,273e0
ci_10240-19507.dll,16c10,273e0
ci_10240-19509.dll,16c10,273e0
ci_10240-19624.dll,16c10,273e0
ci_10240-19685.dll,16c10,273e0
ci_10240-19869.dll,16c10,273e0
ci_10240-19926.dll,16c10,273e0
ci_10240-19983.dll,16c10,273e0
ci_10240-19986.dll,16c10,273e0
ci_10240-20048.dll,16c10,273e0
ci_10240-20107.dll,16c10,273e0
ci_10240-20232.dll,16c10,273e0
ci_10240-20469.dll,16c10,274f0
ci_10240-20523.dll,16c10,274f0
ci_10240-20593.dll,17c50,28970
ci_10240-20649.dll,17c50,28980
ci_10240-20680.dll,17c50,288e0
ci_10240-20708.dll,17c50,288f0
ci_10240-20747.dll,17c50,288e0
ci_10240-20761.dll,17c50,288e0
ci_10240-20822.dll,17c50,288e0
ci_10240-20883.dll,17c50,288e0
ci_10240-20915.dll,17c50,288e0
ci_10586-0.dll,16c30,27290
ci_10586-839.dll,16c30,27290
ci_10586-1232.dll,16c30,272b0
ci_10586-1478.dll,16c30,272b0
ci_10586-1540.dll,16c30,272b0
ci_14393-0.dll,19b50,2b400
ci_14393-206.dll,19b50,2b400
ci_14393-726.dll,19b50,2b400
ci_14393-953.dll,19b50,2b400
ci_14393-1884.dll,19b50,2b420
ci_14393-2155.dll,19b50,2b420
ci_14393-2189.dll,19b50,2b440
ci_14393-2214.dll,19b50,2b440
ci_14393-2248.dll,19b50,2b440
ci_14393-2273.dll,19b50,2b440
ci_14393-2312.dll,19b50,2b5c0
ci_14393-2339.dll,19b50,2b5c0
ci_14393-2395.dll,19b50,2b5c0
ci_14393-2485.dll,19b50,2b5d0
ci_14393-2636.dll,19b50,2b5d0
ci_14393-3053.dll,19b50,2b5d0
ci_14393-3115.dll,19b50,2b5d0
ci_14393-3269.dll,19b50,2b5d0
ci_14393-3297.dll,19b50,2b5d0
ci_14393-3323.dll,19b50,2b5d0
ci_14393-3383.dll,19b50,2b5d0
ci_14393-3930.dll,19b70,2b5d0
ci_14393-3986.dll,19b70,2b5d0
ci_14393-4350.dll,19b70,2b5d0
ci_14393-4530.dll,19b70,2b5d0
ci_14393-4532.dll,19b70,2b5d0
ci_14393-4583.dll,19b70,2b5f0
ci_14393-4704.dll,19b70,2b5f0
ci_14393-4770.dll,19b70,2b5f0
ci_14393-5006.dll,19b70,2b5f0
ci_14393-5125.dll,19b70,2b630
ci_14393-5192.dll,19b50,2b610
ci_14393-5501.dll,19b50,2b610
ci_14393-5582.dll,19b50,2b610
ci_14393-5648.dll,19b50,2b610
ci_14393-5850.dll,19b50,2b610
ci_14393-5921.dll,19b50,2b610
ci_14393-5980.dll,19b50,2b610
ci_14393-6167.dll,19b50,2b610
ci_14393-6707.dll,19b50,2b730
ci_14393-6897.dll,19b90,2bb80
ci_14393-7070.dll,19b90,2bae0
ci_14393-7155.dll,19b90,2bae0
ci_14393-7254.dll,19b90,2bae0
ci_14393-7330.dll,19b90,2bae0
ci_14393-7513.dll,19b90,2bae0
ci_14393-7693.dll,19b90,2bae0
ci_15063-0.dll,1bbb0,2e5c0
ci_15063-153.dll,1bbb0,2e5c0
ci_15063-168.dll,1bbb0,2e5c0
ci_15063-296.dll,1bbb0,2e5c0
ci_15063-726.dll,1bbb0,2e5e0
ci_15063-877.dll,1bbb0,2e5e0
ci_15063-936.dll,1bbb0,2e5e0
ci_15063-968.dll,1bbb0,2e5e0
ci_15063-1029.dll,1bbb0,2e5f0
ci_15063-1058.dll,1bbb0,2e5f0
ci_15063-1088.dll,1bbb0,2e5f0
ci_15063-1091.dll,1bbb0,2e5f0
ci_15063-1112.dll,1bbb0,2e5f0
ci_15063-1155.dll,1bbb0,2e770
ci_15063-1235.dll,1bbb0,2e770
ci_15063-1324.dll,1bbb0,2e780
ci_15063-1897.dll,1bbb0,2e780
ci_15063-1928.dll,1bbb0,2e780
ci_15063-1987.dll,1bbb0,2e780
ci_15063-2045.dll,1bbb0,2e780
ci_15063-2106.dll,1bbb0,2e780
ci_15063-2166.dll,1bbb0,2e780
ci_15063-2223.dll,1bbb0,2e780
ci_16299-15.dll,1cd10,31430
ci_16299-64.dll,1cd10,31440
ci_16299-95.dll,1cd10,31440
ci_16299-125.dll,1cd10,31440
ci_16299-214.dll,1cd10,31440
ci_16299-246.dll,1cd10,31440
ci_16299-248.dll,1cd10,31440
ci_16299-334.dll,1cd10,31440
ci_16299-371.dll,1cd10,31450
ci_16299-431.dll,1cd10,31470
ci_16299-432.dll,1cd10,31470
ci_16299-492.dll,1cd10,31670
ci_16299-665.dll,1cd10,31680
ci_16299-1087.dll,1cd10,31680
ci_16299-1237.dll,1dd10,32690
ci_16299-1268.dll,1dd10,32690
ci_16299-1331.dll,1dd10,32690
ci_16299-1448.dll,1dd10,32690
ci_16299-1480.dll,1dd10,32690
ci_16299-1505.dll,1dd10,32690
ci_16299-1565.dll,1dd10,32690
ci_16299-10000.dll,1cd10,31670
ci_17134-1.dll,1dcb0,32aa0
ci_17134-80.dll,1dcb0,32aa0
ci_17134-81.dll,1dcb0,32aa0
ci_17134-83.dll,1dcb0,32aa0
ci_17134-112.dll,1dcb0,32c90
ci_17134-191.dll,1dc98,32c90
ci_17134-228.dll,1dc98,32c90
ci_17134-285.dll,1dc98,32c90
ci_17134-441.dll,1dc98,32c90
ci_17134-799.dll,1dc98,32ca0
ci_17134-829.dll,1dc98,32ca0
ci_17134-858.dll,1dc98,32ca0
ci_17134-885.dll,1dc98,32ca0
ci_17134-950.dll,1dc98,32ca0
ci_17134-982.dll,1dc98,32ca0
ci_17134-1006.dll,1dc98,32ca0
ci_17134-1067.dll,1dc98,32ca0
ci_17134-1098.dll,1dc98,32ca0
ci_17134-1130.dll,1dc98,32ca0
ci_17134-2090.dll,1dc98,32ca0
ci_17134-2208.dll,1dc98,32ca0
ci_17763-1.dll,36d18,4ba10
ci_17763-55.dll,36d18,4ba10
ci_17763-253.dll,36d18,4ba10
ci_17763-292.dll,36d18,4ba10
ci_17763-348.dll,36d18,4b9f0
ci_17763-379.dll,36d18,4b9f0
ci_17763-404.dll,36d18,4ba30
ci_17763-529.dll,36d18,4ba40
ci_17763-557.dll,36d18,4ba40
ci_17763-592.dll,36d18,4ba40
ci_17763-615.dll,36d18,4ba40
ci_17763-678.dll,36d18,4ba40
ci_17763-719.dll,36d18,4ba40
ci_17763-802.dll,36d18,4ba40
ci_17763-831.dll,36d18,4ba40
ci_17763-1007.dll,36d18,4ba40
ci_17763-1039.dll,36d18,4ba40
ci_17763-1131.dll,36d18,4ba40
ci_17763-1282.dll,36d18,4ba40
ci_17763-1490.dll,36d18,4ba40
ci_17763-1554.dll,36d18,4ba40
ci_17763-1577.dll,36d18,4ba70
ci_17763-1613.dll,36d18,4ba70
ci_17763-1757.dll,36d18,4ba70
ci_17763-1790.dll,36d18,4ba70
ci_17763-1852.dll,36d18,4ba70
ci_17763-1971.dll,36d18,4ba70
ci_17763-2028.dll,36d18,4ba80
ci_17763-2061.dll,36d18,4ba80
ci_17763-2090.dll,36d18,4ba80
ci_17763-2145.dll,36d18,4ba80
ci_17763-2183.dll,36d18,4ba80
ci_17763-2213.dll,36d18,4ba80
ci_17763-2237.dll,36d18,4ba80
ci_17763-2300.dll,36d18,4bad0
ci_17763-2330.dll,36d18,4bad0
ci_17763-2366.dll,36d18,4bad0
ci_17763-2369.dll,36d18,4bad0
ci_17763-2452.dll,36d18,4bad0
ci_17763-2458.dll,36d18,4bad0
ci_17763-2510.dll,36d18,4bad0
ci_17763-2628.dll,36d18,4baa0
ci_17763-2867.dll,36d18,4bb00
ci_17763-2989.dll,36d18,4bb00
ci_17763-3046.dll,36d18,4bae0
ci_17763-3113.dll,36d18,4bae0
ci_17763-3165.dll,36d18,4bae0
ci_17763-3232.dll,36d18,4bae0
ci_17763-3406.dll,36d18,4bae0
ci_17763-3469.dll,36d58,4bb30
ci_17763-3532.dll,36d58,4bb30
ci_17763-3650.dll,36d58,4bb30
ci_17763-3770.dll,36d58,4bb30
ci_17763-3772.dll,36d58,4bb30
ci_17763-3887.dll,36d58,4bb30
ci_17763-4011.dll,36d58,4bb30
ci_17763-4131.dll,36d58,4bb30
ci_17763-4252.dll,36d58,4bb30
ci_17763-4377.dll,36d58,4bb30
ci_17763-4492.dll,36d58,4bb30
ci_17763-4504.dll,36d58,4bb30
ci_17763-4644.dll,36d58,4bb30
ci_17763-4737.dll,36d58,4bb30
ci_17763-4840.dll,36d58,4bb30
ci_17763-5122.dll,36d58,4bb30
ci_17763-5328.dll,36d98,4bc10
ci_17763-5441.dll,36d98,4bed0
ci_17763-5458.dll,36d98,4bed0
ci_17763-5696.dll,36d98,4c3d0
ci_17763-5820.dll,36d98,4c8e0
ci_17763-5830.dll,36d98,4c8e0
ci_17763-5936.dll,36d98,4c840
ci_17763-6040.dll,36d98,4c800
ci_17763-6054.dll,36d98,4c800
ci_17763-6189.dll,36d98,4c800
ci_17763-6292.dll,36d98,4c800
ci_17763-6401.dll,36d98,4c800
ci_17763-6530.dll,36d98,4c740
ci_17763-6766.dll,36d98,4c440
ci_17763-6893.dll,36d98,4c440
ci_17763-10458.dll,36d18,4ba70
ci_17763-10877.dll,36d18,4bae0
ci_17763-11860.dll,36d58,4bb30
ci_18362-1.dll,37278,4c600
ci_18362-53.dll,37278,4c600
ci_18362-145.dll,37278,4c600
ci_18362-207.dll,37278,4c600
ci_18362-239.dll,37278,4c600
ci_18362-267.dll,37278,4c600
ci_18362-295.dll,37278,4c600
ci_18362-329.dll,37278,4c600
ci_18362-387.dll,37278,4c600
ci_18362-418.dll,37278,4c600
ci_18362-592.dll,37278,4c600
ci_18362-628.dll,37278,4c600
ci_18362-815.dll,37278,4c600
ci_18362-900.dll,37278,4c600
ci_18362-1020.dll,37278,4c600
ci_18362-1027.dll,37278,4c600
ci_18362-1049.dll,37278,4c600
ci_18362-1059.dll,37278,4c600
ci_18362-1110.dll,37278,4c600
ci_18362-1171.dll,37278,4c600
ci_18362-1237.dll,37278,4c600
ci_18362-1556.dll,37278,4c600
ci_18362-1593.dll,38278,4d600
ci_18362-1679.dll,38278,4d600
ci_18362-1714.dll,38278,4d600
ci_18362-1734.dll,38278,4d600
ci_18362-1766.dll,38278,4d600
ci_18362-1801.dll,38278,4d600
ci_18362-1832.dll,38278,4d600
ci_18362-1854.dll,38278,4d600
ci_18362-1916.dll,38278,4d600
ci_18362-2037.dll,38278,4d600
ci_18362-2039.dll,38278,4d600
ci_18362-2274.dll,38278,4d660
ci_18362-2337.dll,38278,4d660
ci_18362-10013.dll,37278,4c600
ci_19041-1.dll,38378,4dae0
ci_19041-208.dll,38378,4dae0
ci_19041-329.dll,38378,4dae0
ci_19041-388.dll,38378,4dae0
ci_19041-423.dll,383b8,4f1d0
ci_19041-488.dll,383b8,4f1d0
ci_19041-546.dll,383b8,4f1d0
ci_19041-606.dll,383b8,4f1d0
ci_19041-662.dll,383b8,4f1d0
ci_19041-870.dll,383b8,4f1d0
ci_19041-964.dll,383d8,4f4d0
ci_19041-985.dll,383d8,4f4d0
ci_19041-1023.dll,383d8,4f4d0
ci_19041-1081.dll,383d8,4f4e0
ci_19041-1110.dll,383d8,4f4e0
ci_19041-1151.dll,383d8,4f4e0
ci_19041-1157.dll,383d8,4f4e0
ci_19041-1165.dll,383b8,4f4e0
ci_19041-1165.dll,383d8,4f4e0
ci_19041-1173.dll,383b8,4f510
ci_19041-1202.dll,383b8,4f4e0
ci_19041-1221.dll,39418,50680
ci_19041-1223.dll,39418,50680
ci_19041-1237.dll,383b8,4f4e0
ci_19041-1266.dll,383b8,4f4e0
ci_19041-1288.dll,383b8,4f4e0
ci_19041-1320.dll,383b8,4f510
ci_19041-1348.dll,383b8,4f510
ci_19041-1371.dll,383b8,4f510
ci_19041-1415.dll,383b8,4f510
ci_19041-1466.dll,383b8,4f510
ci_19041-1469.dll,383b8,4f510
ci_19041-1503.dll,393b8,505c0
ci_19041-1526.dll,393b8,505c0
ci_19041-1566.dll,383b8,4f5b0
ci_19041-1645.dll,383b8,4f5b0
ci_19041-1682.dll,383b8,4f630
ci_19041-1706.dll,393b8,50610
ci_19041-1708.dll,393b8,50610
ci_19041-1741.dll,393b8,50610
ci_19041-1826.dll,393b8,50610
ci_19041-1865.dll,393d8,50610
ci_19041-2075.dll,3a438,51680
ci_19041-2251.dll,3a438,51680
ci_19041-2311.dll,39418,50680
ci_19041-2364.dll,39418,50680
ci_19041-2486.dll,39418,50680
ci_19041-2546.dll,39418,50680
ci_19041-2788.dll,39418,50680
ci_19041-2846.dll,39418,50680
ci_19041-2913.dll,39418,50680
ci_19041-2965.dll,39418,50680
ci_19041-3031.dll,39418,50680
ci_19041-3083.dll,39418,50680
ci_19041-3086.dll,39418,50680
ci_19041-3205.dll,39418,50680
ci_19041-3208.dll,39418,50680
ci_19041-3271.dll,39418,50680
ci_19041-3324.dll,39418,50680
ci_19041-3393.dll,393f8,50680
ci_19041-3505.dll,393f8,50680
ci_19041-3516.dll,39418,50680
ci_19041-3570.dll,39418,50680
ci_19041-3636.dll,3a438,51b60
ci_19041-3930.dll,3a438,51cb0
ci_19041-3989.dll,3a478,51e20
ci_19041-3996.dll,3a478,51e20
ci_19041-4046.dll,3a478,51fa0
ci_19041-4170.dll,3a478,51fa0
ci_19041-4239.dll,3a478,51fa0
ci_19041-4291.dll,3a478,51f60
ci_19041-4355.dll,3a400,52440
ci_19041-4412.dll,3a3d0,52460
ci_19041-4529.dll,3a3e0,52470
ci_19041-4597.dll,3a3e0,52470
ci_19041-4648.dll,3a408,52430
ci_19041-4717.dll,3a2f0,52410
ci_19041-4780.dll,3a328,52410
ci_19041-4840.dll,3a308,52100
ci_19041-4842.dll,3a308,52100
ci_19041-4957.dll,3a308,52100
ci_19041-5369.dll,3a2d0,52100
ci_19041-5438.dll,3a328,52110
ci_19041-5440.dll,3a328,52110
ci_22000-100.dll,3d004,4c3a0
ci_22000-132.dll,3d004,4c3a0
ci_22000-318.dll,3d004,4c3a0
ci_22000-347.dll,3d004,4c3a0
ci_22000-348.dll,3d004,4c3a0
ci_22000-376.dll,3d004,4c3a0
ci_22000-434.dll,3d004,4c3a0
ci_22000-469.dll,3d004,4c3a0
ci_22000-493.dll,3d004,4c3a0
ci_22000-527.dll,3d004,4c3a0
ci_22000-613.dll,3d004,4c3a0
ci_22000-652.dll,3d004,4c3e0
ci_22000-675.dll,3d004,4c3c0
ci_22000-708.dll,3d004,4c3c0
ci_22000-740.dll,3d004,4c3c0
ci_22000-778.dll,3d004,4c3c0
ci_22000-795.dll,3d004,4c3c0
ci_22000-832.dll,3d004,4c6a0
ci_22000-918.dll,3d004,4c6a0
ci_22000-975.dll,3d004,4c6a0
ci_22000-1042.dll,3d004,4c700
ci_22000-1165.dll,3d004,4c700
ci_22000-1219.dll,3d004,4c700
ci_22000-1281.dll,3d004,4c700
ci_22000-1335.dll,3d004,4c700
ci_22000-1455.dll,3d004,4c700
ci_22000-1516.dll,3d004,4c700
ci_22000-1696.dll,3d004,4c700
ci_22000-1817.dll,3d004,4c700
ci_22000-1880.dll,3d004,4c700
ci_22000-1936.dll,3d004,4c700
ci_22000-2054.dll,3d004,4c700
ci_22000-2057.dll,3d004,4c700
ci_22000-2176.dll,3d004,4c700
ci_22000-2295.dll,3d004,4c700
ci_22000-2360.dll,3d004,4c700
ci_22000-2416.dll,3d004,4c700
ci_22000-2482.dll,3d004,4c750
ci_22000-2538.dll,3d004,4c750
ci_22000-2836.dll,3e004,4df00
ci_22000-3019.dll,3e004,4e2a0
ci_22621-317.dll,41004,51e00
ci_22621-590.dll,41004,51e00
ci_22621-608.dll,41004,51e00
ci_22621-674.dll,41004,51e00
ci_22621-675.dll,41004,51e00
ci_22621-755.dll,41004,51e00
ci_22621-815.dll,41004,51e00
ci_22621-900.dll,41004,52350
ci_22621-963.dll,41004,52350
ci_22621-1028.dll,41004,52350
ci_22621-1095.dll,41004,52350
ci_22621-1105.dll,41004,52350
ci_22621-1125.dll,43004,54070
ci_22621-1180.dll,41004,52350
ci_22621-1194.dll,43004,54370
ci_22621-1244.dll,43004,540a0
ci_22621-1252.dll,44004,55580
ci_22621-1255.dll,43004,54370
ci_22621-1265.dll,43004,54370
ci_22621-1344.dll,42004,53370
ci_22621-1376.dll,42004,53820
ci_22621-1470.dll,42004,53370
ci_22621-1485.dll,42004,53040
ci_22621-1555.dll,42004,53040
ci_22621-1690.dll,42004,53040
ci_22621-1702.dll,42004,53040
ci_22621-1778.dll,42004,53040
ci_22621-1848.dll,42004,53040
ci_22621-1906.dll,42004,53040
ci_22621-1928.dll,44004,55080
ci_22621-1972.dll,44004,55080
ci_22621-1992.dll,44004,55080
ci_22621-2050.dll,44004,55080
ci_22621-2062.dll,43004,54070
ci_22621-2070.dll,43004,54070
ci_22621-2134.dll,43004,54070
ci_22621-2209.dll,43004,540a0
ci_22621-2215.dll,43004,540a0
ci_22621-2283.dll,43004,540a0
ci_22621-2361.dll,43004,540a0
ci_22621-2431.dll,43004,540a0
ci_22621-2506.dll,44004,55580
ci_22621-2792.dll,43004,54560
ci_22621-2921.dll,43004,54560
ci_22621-3007.dll,44004,556e0
ci_22621-3066.dll,44004,556e0
ci_22621-3085.dll,44004,556e0
ci_22621-3140.dll,44004,556e0
ci_22621-3155.dll,44004,55870
ci_22621-3285.dll,44004,55870
ci_22621-3296.dll,44004,55870
ci_22621-3350.dll,44004,55870
ci_22621-3374.dll,42004,53860
ci_22621-3430.dll,42004,53860
ci_22621-3447.dll,42004,53820
ci_22621-3527.dll,44004,55ff0
ci_22621-3575.dll,44004,55ff0
ci_22621-3593.dll,44004,56010
ci_22621-3640.dll,44004,56010
ci_22621-3672.dll,43004,54fe0
ci_22621-3737.dll,43004,54f30
ci_22621-3810.dll,44004,561f0
ci_22621-3880.dll,44004,561c0
ci_22621-3958.dll,45004,571c0
ci_22621-4034.dll,45004,571c0
ci_22621-4036.dll,45004,571c0
ci_22621-4111.dll,45004,56e90
ci_22621-4169.dll,45004,56e90
ci_22621-4249.dll,44004,55e90
ci_22621-4312.dll,44004,55e90
ci_22621-4391.dll,46004,583f0
ci_22621-4455.dll,46004,583f0
ci_22621-4541.dll,44004,56030
ci_22621-4746.dll,44004,56030
ci_22621-4830.dll,43004,55050
ci_22621-4890.dll,43004,55050
ci_22621-4974.dll,43004,54f30
ci_26100-1.dll,4a004,52420
ci_26100-863.dll,4b004,53510
ci_26100-1000.dll,4d004,55510
ci_26100-1150.dll,4d004,55430
ci_26100-1455.dll,4d004,554b0
ci_26100-1591.dll,4d004,554b0
ci_26100-1882.dll,4e004,564c0
ci_26100-2161.dll,4e004,564e0
ci_26100-2454.dll,4d004,554e0
ci_26100-2894.dll,4d004,55490
ci_26100-3037.dll,4d004,554a0
ci_26100-3323.dll,4d004,55480
